experiment_id,timestamp,hypothesis,features,label_horizon_ms,model,training_period,validation_period,test_period,cost_model_bps,n_features,gross_expectancy_bps,net_expectancy_bps,ci_low,ci_high,pct_above_gate,verdict,notes,horizon,result,gross_bps,net_taker_bps,net_maker_bps,ci_lower,ci_upper,event_rate,ic,n_samples,rejected_reason,maker_net_bps,taker_net_bps,ci_lower_maker,ci_upper_maker,accuracy,auc,turnover,trade_count
EXP-001,2026-08-22T09:09:23.564457+00:00,OFI/MLOFI ridge on 500ms horizon,V5_17_features,500,Ridge,20260818-1907_1908,20260818-1937_1943,20260818-1946_1952,2.0,17.0,0.069,-1.931,-1.94,-1.92,0.0,HYPOTHESIS_REJECTED,Gross positive but consumed by maker fee. 0% above gate.,,,,,,,,,,,,,,,,,,,
EXP-002,2026-08-22T09:09:23.565008+00:00,Nonlinear MLP with OFI interactions,V5_17_plus_8_interactions,500,MLP_32_16,20260818-1907_1908,20260818-1937_1943,20260818-1946_1952,2.0,25.0,0.1,-1.9,-1.91,-1.89,0.0,HYPOTHESIS_REJECTED,MLP did not improve over ridge. Same cost constraint.,,,,,,,,,,,,,,,,,,,
EXP-003,2026-08-22T09:09:23.565174+00:00,Multi-level OFI + queue dynamics + microprice + toxicity,V7_46_features,500,Ridge,20260818-1907_1920,20260818-1937_1943,20260818-1946_1952,2.0,46.0,0.045,-1.955,-1.959,-1.951,0.0,HYPOTHESIS_REJECTED,Best gross so far (+0.045) but 44x below maker fee. Purged split: -0.003.,,,,,,,,,,,,,,,,,,,
EXP-004,2026-08-22T09:09:23.565367+00:00,V7 features with purged chronological split,V7_46_features_purged,500,Ridge_purged,20260818-1907_1920,20260818-1937_1943_embargo,20260818-1946_1952,2.0,46.0,-0.003,-2.003,-2.01,-1.99,0.0,HYPOTHESIS_REJECTED,"With proper purging/embargo, the small positive signal disappears.",,,,,,,,,,,,,,,,,,,
EXP-005,2026-08-23T16:27:47.663390+00:00,Direction-Magnitude Decomposition (500ms),5_direction + 5_magnitude,500,Logistic+Ridge,20260818-1907_1920,20260818-1937_1943,20260818-1946_1952,2.5,10.0,0.0,-2.5,-2.5,-2.5,0.0,HYPOTHESIS_REJECTED,88% of 500ms returns are 0.0 bps. Direction model predicts majority class (94% down). Magnitude gate never triggers (E[|r|]=0.05 vs 2.0 threshold).,,,,,,,,,,,,,,,,,,,
EXP-006,2026-08-23T16:27:47.664727+00:00,Direction-Magnitude Decomposition (30s),5_direction + 5_magnitude,30000,Logistic+Ridge,20260818-1907_1920,20260818-1937_1943,20260818-1946_1952,2.5,10.0,0.0,-2.5,-2.5,-2.5,0.0,HYPOTHESIS_REJECTED,"At 30s: direction accuracy=baseline (0.70), magnitude corr=0.004 (zero). Features have no predictive power at longer horizons.",,,,,,,,,,,,,,,,,,,
EXP-007,2026-08-23T19:29:30.680092+00:00,Horizon-Matched Feature Aggregation (HORIZON-OFI),horizon_matched_ofi_tfi_vpin_vol_depth_10feat,30000,Ridge_per_horizon,20260818-1907_first_70pct,20260818-1907_70_85pct,20260818-1907_last_15pct,2.5,10.0,-0.1368,-2.6368,-2.3809,-2.3358,0.0,HYPOTHESIS_REJECTED,All 4 horizons rejected. Direction accuracy 0.15-0.40 (below random). 0% above gate at all horizons. Feature-horizon mismatch not the issue; signals have no predictive content at any scale.,,,,,,,,,,,,,,,,,,,
EXP-008,2026-08-23T19:36:41.570637+00:00,Volatility-Regime Conditional Trading,regime_conditional_V5_18_features,30000,Ridge_per_regime,20260818-1907_first_70pct_per_regime,20260818-1907_70_85pct_per_regime,20260818-1907_last_15pct_per_regime,2.5,18.0,-0.2274,-2.6368,-2.3809,-2.3358,0.0,HYPOTHESIS_REJECTED,Tested 4 vol regimes (zero/low/med/high) x 5 horizons (500ms-30s). Direction accuracy improves over baseline in some regimes but predicted magnitude is tiny (<0.5 bps). All regimes: 0% above 2.5bps gate. No positive net expectancy at any horizon/regime. Volatility signal sparse (82% events have zero_vol).,,,,,,,,,,,,,,,,,,,
EXP-009,2026-08-23T19:42:05.520874+00:00,Order-Book Resiliency Signal (depth replenishment dynamics),V5_13_base_plus_10_resiliency_features,5000,Ridge_resiliency,20260818-1907_first_70pct,20260818-1907_70_85pct,20260818-1907_last_15pct,2.5,23.0,0.0963,-2.4037,-2.4128,-2.3947,0.0,HYPOTHESIS_REJECTED,Resiliency features do NOT improve prediction. V5_plus_resiliency R2=0.207 vs V5_baseline R2=0.194 at 500ms — marginal improvement but net worse. Direction accuracy similar or worse with resiliency features. 0% above gate at all horizons. Resiliency dynamics contain no additional predictive content beyond static snapshot features.,,,,,,,,,,,,,,,,,,,
EXP-010,2026-08-23T19:46:52.938001+00:00,"Multi-Horizon Signal Ensemble (simple avg, inv-var weighted, meta-model)",V5_18_features_ensemble_5horizons,500,Ridge_ensemble,20260818-1907_first_70pct,20260818-1907_70_85pct,20260818-1907_last_15pct,2.5,18.0,-0.2935,-2.7697,-2.7697,-2.7697,0.0,HYPOTHESIS_REJECTED,"All 3 ensemble strategies WORSE than best single horizon (500ms). Meta-model R2=0.48 at 500ms but net=-2.51bps. Inv-var weights put 81% on 30s model (worst performer). Signals not complementary: short horizons have weak positive signal, long horizons have negative signal. 0% above gate at all horizons. Combining signals across horizons does not create new information.",,,,,,,,,,,,,,,,,,,
EXP-011,2026-08-23T19:54:02.854980+00:00,Long-Horizon Prediction (5-60 min) with V7 features,V7_32_features,300000,Ridge,20260818-1907_first_70pct,20260818-1907_70_85pct,20260818-1907_last_15pct,2.5,32.0,-1.1448,-3.6448,-3.6448,-3.6448,0.0,HYPOTHESIS_REJECTED,"Tested horizons 500ms-60min. At 5min: E[|r|]=2.27bps (large enough) but P(up)=0.33, strong negative drift (-1.37bps). Model R2=0.165, predicts same value for all events (no discrimination). Feature correlations ~0 at 5min. Even perfect direction prediction gives +0.22bps net (shorting down-events) vs -1.14bps (longing up-events). 0% above gate. At 10min+: model produces degenerate predictions (calibration failure). Research tree EXHAUSTED.",,,,,,,,,,,,,,,,,,,
EXP-012,2026-08-23T20:30:22.008493+00:00,Aggressive Flow x Absorption Capacity x Liquidity Fragility,aggressive_buy_flow + aggressive_sell_flow + absorption_capacity + directional_capacity + cancellation_velocity + flow_to_depth_ratio + directional_flow_depth_ratio + qi_l1 + mpd_bps + spread_volatility + depth_volatility,"1000,3000,5000,10000",conditional_state_classification (flow/depth ratio threshold + economic gate),sessions 1-8 (20260818-1907 to 20260818-1937),session 9 (20260818-1940),sessions 10-12 (20260818-1943 to 20260818-1952),4.0146,14.0,-0.0825798583162172,-4.128379612914733,-4.161317866133507,-4.096361983022717,0.0,HYPOTHESIS_REJECTED,"All 4 horizons REJECTED. Max observed return 3.54 bps < 4.0 bps taker cost. Even in best conditional state (high flow/depth + fragility + direction): mean +0.28 bps, 35.4% positive. Net -4.13 bps at 10s. Cost-to-signal ratio 14-200x. Research space exhausted.",,,,,,,,,,,,,,,,,,,
EXP-013,,Two-Stage Event+Direction Prediction (5min Horizon),"Trade features (sign, qty, momentum) + V4 book features (qi_l1, mpd_bps, spread)",,Logistic Regression / GBC,,,,,,,,,,,,,5min,REJECTED,0.46,-3.55,-1.54,-3.82,-3.78,80.6,0.012,8000000.0,Required direction accuracy 63.5% (taker) but achieved 52.4%; V4 book features have IC~0.26 but no large moves in session data,,,,,,,,
EXP-014,,Next-Trade Direction + Book State Prediction,"Book features (qi_l1, mpd_bps, spread, depth_slope, ofi, etc.) + next-trade direction/size",,Logistic Regression,,,,,,,,,,,,,10s,REJECTED,0.08,-3.94,-1.89,-4.01,-3.87,0.0,0.03,36764.0,Max 10s return in sessions = 3.67 bps < 4.0 bps taker cost; AUC=0.736 but net=-3.94 bps,,,,,,,,
EXP-015,,Size-Conditioned Trade-Sign Directional Prediction,Trade sign (is_buyer_maker) for trades > p99.9 dollar volume,,"N/A (sign-based signal, no model needed)",,,,,,,,,,,,,10s,REJECTED,1.13,,,,,0.001,0.18,,Strongest signal found (IC=0.18) but dp=1.13bps vs 4.0bps cost; max return at 10s = 3.83bps below taker cost; walk-forward IC stable at 0.15,-0.87,-2.88,-0.93,-0.8,0.642,0.607,0.001,36444.0
EXP-016,,Cross-Market Derivatives Context (funding + hourly returns),"Funding rate, hourly returns, long/short ratio as additive features to trade-sign",,Logistic Regression,,,,,,,,,,,,,10s,REJECTED,1.24,-2.77,-0.76,-1.8,-1.4,0.0,0.17,901859.0,"Derivatives features (funding, basis, ETH) add negligible incremental value (+0.10 bps). Model coefficients negligible. Bootstrap CI negative.",-0.76,-2.77,-0.69,-0.62,0.642,0.666,,901859.0
EXP-017,,Information-Set Completeness and Data Acquisition Audit,,,,,,,,,,,,,,,,N/A,AUDIT,,,,,,,,,"Data audit — OI unavailable (D), funding/basis/ETH acquired (B)",,,,,,,,
EXP-018,,"Derivatives State Conditioning: Funding, Basis, Cross-Market","funding_rate, funding_sign, funding_abs, basis, spot_ret, perp_ret, eth_funding",,,,,,,,,,,,,,,10s,REJECTED,1.35,-2.77,,,,,0.17,901859,Derivatives features add +0.10 bps incremental (negligible). Model coefficients negligible. All net expectancy negative.,-0.66,-2.77,-0.693,-0.619,0.664,0.663,,901859
